Circuit,Date,Pos,No,Driver,Car,Laps,Time/Retired,PTS
Bahrain International Circuit - Sakhir,2023-03-05,1,1,Max Verstappen VER,Red Bull Racing Honda RBPT,57,1:33:56.736,25
Bahrain International Circuit - Sakhir,2023-03-05,2,11,Sergio Perez PER,Red Bull Racing Honda RBPT,57,+11.987s,18
Bahrain International Circuit - Sakhir,2023-03-05,3,14,Fernando Alonso ALO,Aston Martin Aramco Mercedes,57,+38.637s,15
Bahrain International Circuit - Sakhir,2023-03-05,4,55,Carlos Sainz SAI,Ferrari,57,+48.052s,12
Bahrain International Circuit - Sakhir,2023-03-05,5,44,Lewis Hamilton HAM,Mercedes,57,+50.977s,10
Bahrain International Circuit - Sakhir,2023-03-05,6,18,Lance Stroll STR,Aston Martin Aramco Mercedes,57,+54.502s,8
Bahrain International Circuit - Sakhir,2023-03-05,7,63,George Russell RUS,Mercedes,57,+55.873s,6
Bahrain International Circuit - Sakhir,2023-03-05,8,77,Valtteri Bottas BOT,Alfa Romeo Ferrari,57,+72.647s,4
Bahrain International Circuit - Sakhir,2023-03-05,9,10,Pierre Gasly GAS,Alpine Renault,57,+73.753s,2
Bahrain International Circuit - Sakhir,2023-03-05,10,23,Alexander Albon ALB,Williams Mercedes,57,+89.774s,1
Bahrain International Circuit - Sakhir,2023-03-05,11,22,Yuki Tsunoda TSU,AlphaTauri Honda RBPT,57,+90.870s,0
Bahrain International Circuit - Sakhir,2023-03-05,12,2,Logan Sargeant SAR,Williams Mercedes,56,+1 lap,0
Bahrain International Circuit - Sakhir,2023-03-05,13,20,Kevin Magnussen MAG,Haas Ferrari,56,+1 lap,0
Bahrain International Circuit - Sakhir,2023-03-05,14,21,Nyck De Vries DEV,AlphaTauri Honda RBPT,56,+1 lap,0
Bahrain International Circuit - Sakhir,2023-03-05,15,27,Nico Hulkenberg HUL,Haas Ferrari,56,+1 lap,0
Bahrain International Circuit - Sakhir,2023-03-05,16,24,Zhou Guanyu ZHO,Alfa Romeo Ferrari,56,+1 lap,0
Bahrain International Circuit - Sakhir,2023-03-05,17,4,Lando Norris NOR,McLaren Mercedes,55,+2 laps,0
Bahrain International Circuit - Sakhir,2023-03-05,NC,31,Esteban Ocon OCO,Alpine Renault,41,DNF,0
Bahrain International Circuit - Sakhir,2023-03-05,NC,16,Charles Leclerc LEC,Ferrari,39,DNF,0
Bahrain International Circuit - Sakhir,2023-03-05,NC,81,Oscar Piastri PIA,McLaren Mercedes,13,DNF,0
Jeddah Corniche Circuit - Jeddah,2023-03-19,1,11,Sergio Perez PER,Red Bull Racing Honda RBPT,50,1:21:14.894,25
Jeddah Corniche Circuit - Jeddah,2023-03-19,2,1,Max Verstappen VER,Red Bull Racing Honda RBPT,50,+5.355s,19
Jeddah Corniche Circuit - Jeddah,2023-03-19,3,14,Fernando Alonso ALO,Aston Martin Aramco Mercedes,50,+20.728s,15
Jeddah Corniche Circuit - Jeddah,2023-03-19,4,63,George Russell RUS,Mercedes,50,+25.866s,12
Jeddah Corniche Circuit - Jeddah,2023-03-19,5,44,Lewis Hamilton HAM,Mercedes,50,+31.065s,10
Jeddah Corniche Circuit - Jeddah,2023-03-19,6,55,Carlos Sainz SAI,Ferrari,50,+35.876s,8
Jeddah Corniche Circuit - Jeddah,2023-03-19,7,16,Charles Leclerc LEC,Ferrari,50,+43.162s,6
Jeddah Corniche Circuit - Jeddah,2023-03-19,8,31,Esteban Ocon OCO,Alpine Renault,50,+52.832s,4
Jeddah Corniche Circuit - Jeddah,2023-03-19,9,10,Pierre Gasly GAS,Alpine Renault,50,+54.747s,2
Jeddah Corniche Circuit - Jeddah,2023-03-19,10,20,Kevin Magnussen MAG,Haas Ferrari,50,+64.826s,1
Jeddah Corniche Circuit - Jeddah,2023-03-19,11,22,Yuki Tsunoda TSU,AlphaTauri Honda RBPT,50,+67.494s,0
Jeddah Corniche Circuit - Jeddah,2023-03-19,12,27,Nico Hulkenberg HUL,Haas Ferrari,50,+70.588s,0
Jeddah Corniche Circuit - Jeddah,2023-03-19,13,24,Zhou Guanyu ZHO,Alfa Romeo Ferrari,50,+76.060s,0
Jeddah Corniche Circuit - Jeddah,2023-03-19,14,21,Nyck De Vries DEV,AlphaTauri Honda RBPT,50,+77.478s,0
Jeddah Corniche Circuit - Jeddah,2023-03-19,15,81,Oscar Piastri PIA,McLaren Mercedes,50,+85.021s,0
Jeddah Corniche Circuit - Jeddah,2023-03-19,16,2,Logan Sargeant SAR,Williams Mercedes,50,+86.293s,0
Jeddah Corniche Circuit - Jeddah,2023-03-19,17,4,Lando Norris NOR,McLaren Mercedes,50,+86.445s,0
Jeddah Corniche Circuit - Jeddah,2023-03-19,18,77,Valtteri Bottas BOT,Alfa Romeo Ferrari,49,+1 lap,0
Jeddah Corniche Circuit - Jeddah,2023-03-19,NC,23,Alexander Albon ALB,Williams Mercedes,27,DNF,0
Jeddah Corniche Circuit - Jeddah,2023-03-19,NC,18,Lance Stroll STR,Aston Martin Aramco Mercedes,16,DNF,0
Melbourne Grand Prix Circuit - Melbourne,2023-04-02,1,1,Max Verstappen VER,Red Bull Racing Honda RBPT,58,2:32:38.371,25
Melbourne Grand Prix Circuit - Melbourne,2023-04-02,2,44,Lewis Hamilton HAM,Mercedes,58,+0.179s,18
Melbourne Grand Prix Circuit - Melbourne,2023-04-02,3,14,Fernando Alonso ALO,Aston Martin Aramco Mercedes,58,+0.769s,15
Melbourne Grand Prix Circuit - Melbourne,2023-04-02,4,18,Lance Stroll STR,Aston Martin Aramco Mercedes,58,+3.082s,12
Melbourne Grand Prix Circuit - Melbourne,2023-04-02,5,11,Sergio Perez PER,Red Bull Racing Honda RBPT,58,+3.320s,11
Melbourne Grand Prix Circuit - Melbourne,2023-04-02,6,4,Lando Norris NOR,McLaren Mercedes,58,+3.701s,8
Melbourne Grand Prix Circuit - Melbourne,2023-04-02,7,27,Nico Hulkenberg HUL,Haas Ferrari,58,+4.939s,6
Melbourne Grand Prix Circuit - Melbourne,2023-04-02,8,81,Oscar Piastri PIA,McLaren Mercedes,58,+5.382s,4
Melbourne Grand Prix Circuit - Melbourne,2023-04-02,9,24,Zhou Guanyu ZHO,Alfa Romeo Ferrari,58,+5.713s,2
Melbourne Grand Prix Circuit - Melbourne,2023-04-02,10,22,Yuki Tsunoda TSU,AlphaTauri Honda RBPT,58,+6.052s,1
Melbourne Grand Prix Circuit - Melbourne,2023-04-02,11,77,Valtteri Bottas BOT,Alfa Romeo Ferrari,58,+6.513s,0
Melbourne Grand Prix Circuit - Melbourne,2023-04-02,12,55,Carlos Sainz SAI,Ferrari,58,+6.594s,0
Melbourne Grand Prix Circuit - Melbourne,2023-04-02,13,10,Pierre Gasly GAS,Alpine Renault,56,DNF,0
Melbourne Grand Prix Circuit - Melbourne,2023-04-02,14,31,Esteban Ocon OCO,Alpine Renault,56,DNF,0
Melbourne Grand Prix Circuit - Melbourne,2023-04-02,15,21,Nyck De Vries DEV,AlphaTauri Honda RBPT,56,DNF,0
Melbourne Grand Prix Circuit - Melbourne,2023-04-02,16,2,Logan Sargeant SAR,Williams Mercedes,56,DNF,0
Melbourne Grand Prix Circuit - Melbourne,2023-04-02,17,20,Kevin Magnussen MAG,Haas Ferrari,52,DNF,0
Melbourne Grand Prix Circuit - Melbourne,2023-04-02,NC,63,George Russell RUS,Mercedes,17,DNF,0
Melbourne Grand Prix Circuit - Melbourne,2023-04-02,NC,23,Alexander Albon ALB,Williams Mercedes,6,DNF,0
Melbourne Grand Prix Circuit - Melbourne,2023-04-02,NC,16,Charles Leclerc LEC,Ferrari,0,DNF,0
Baku City Circuit - Baku,2023-04-30,1,11,Sergio Perez PER,Red Bull Racing Honda RBPT,51,1:32:42.436,25
Baku City Circuit - Baku,2023-04-30,2,1,Max Verstappen VER,Red Bull Racing Honda RBPT,51,+2.137s,18
Baku City Circuit - Baku,2023-04-30,3,16,Charles Leclerc LEC,Ferrari,51,+21.217s,15
Baku City Circuit - Baku,2023-04-30,4,14,Fernando Alonso ALO,Aston Martin Aramco Mercedes,51,+22.024s,12
Baku City Circuit - Baku,2023-04-30,5,55,Carlos Sainz SAI,Ferrari,51,+45.491s,10
Baku City Circuit - Baku,2023-04-30,6,44,Lewis Hamilton HAM,Mercedes,51,+46.145s,8
Baku City Circuit - Baku,2023-04-30,7,18,Lance Stroll STR,Aston Martin Aramco Mercedes,51,+51.617s,6
Baku City Circuit - Baku,2023-04-30,8,63,George Russell RUS,Mercedes,51,+74.240s,5
Baku City Circuit - Baku,2023-04-30,9,4,Lando Norris NOR,McLaren Mercedes,51,+80.376s,2
Baku City Circuit - Baku,2023-04-30,10,22,Yuki Tsunoda TSU,AlphaTauri Honda RBPT,51,+83.862s,1
Baku City Circuit - Baku,2023-04-30,11,81,Oscar Piastri PIA,McLaren Mercedes,51,+86.501s,0
Baku City Circuit - Baku,2023-04-30,12,23,Alexander Albon ALB,Williams Mercedes,51,+88.623s,0
Baku City Circuit - Baku,2023-04-30,13,20,Kevin Magnussen MAG,Haas Ferrari,51,+89.729s,0
Baku City Circuit - Baku,2023-04-30,14,10,Pierre Gasly GAS,Alpine Renault,51,+91.332s,0
Baku City Circuit - Baku,2023-04-30,15,31,Esteban Ocon OCO,Alpine Renault,51,+97.794s,0
Baku City Circuit - Baku,2023-04-30,16,2,Logan Sargeant SAR,Williams Mercedes,51,+100.943s,0
Baku City Circuit - Baku,2023-04-30,17,27,Nico Hulkenberg HUL,Haas Ferrari,50,+1 lap,0
Baku City Circuit - Baku,2023-04-30,18,77,Valtteri Bottas BOT,Alfa Romeo Ferrari,50,+1 lap,0
Baku City Circuit - Baku,2023-04-30,NC,24,Zhou Guanyu ZHO,Alfa Romeo Ferrari,36,DNF,0
Baku City Circuit - Baku,2023-04-30,NC,21,Nyck De Vries DEV,AlphaTauri Honda RBPT,9,DNF,0
Miami International Autodrome - Miami,2023-05-07,1,1,Max Verstappen VER,Red Bull Racing Honda RBPT,57,1:27:38.241,26
Miami International Autodrome - Miami,2023-05-07,2,11,Sergio Perez PER,Red Bull Racing Honda RBPT,57,+5.384s,18
Miami International Autodrome - Miami,2023-05-07,3,14,Fernando Alonso ALO,Aston Martin Aramco Mercedes,57,+26.305s,15
Miami International Autodrome - Miami,2023-05-07,4,63,George Russell RUS,Mercedes,57,+33.229s,12
Miami International Autodrome - Miami,2023-05-07,5,55,Carlos Sainz SAI,Ferrari,57,+42.511s,10
Miami International Autodrome - Miami,2023-05-07,6,44,Lewis Hamilton HAM,Mercedes,57,+51.249s,8
Miami International Autodrome - Miami,2023-05-07,7,16,Charles Leclerc LEC,Ferrari,57,+52.988s,6
Miami International Autodrome - Miami,2023-05-07,8,10,Pierre Gasly GAS,Alpine Renault,57,+55.670s,4
Miami International Autodrome - Miami,2023-05-07,9,31,Esteban Ocon OCO,Alpine Renault,57,+58.123s,2
Miami International Autodrome - Miami,2023-05-07,10,20,Kevin Magnussen MAG,Haas Ferrari,57,+62.945s,1
Miami International Autodrome - Miami,2023-05-07,11,22,Yuki Tsunoda TSU,AlphaTauri Honda RBPT,57,+64.309s,0
Miami International Autodrome - Miami,2023-05-07,12,18,Lance Stroll STR,Aston Martin Aramco Mercedes,57,+64.754s,0
Miami International Autodrome - Miami,2023-05-07,13,77,Valtteri Bottas BOT,Alfa Romeo Ferrari,57,+71.637s,0
Miami International Autodrome - Miami,2023-05-07,14,23,Alexander Albon ALB,Williams Mercedes,57,+72.861s,0
Miami International Autodrome - Miami,2023-05-07,15,27,Nico Hulkenberg HUL,Haas Ferrari,57,+74.950s,0
Miami International Autodrome - Miami,2023-05-07,16,24,Zhou Guanyu ZHO,Alfa Romeo Ferrari,57,+78.440s,0
Miami International Autodrome - Miami,2023-05-07,17,4,Lando Norris NOR,McLaren Mercedes,57,+87.717s,0
Miami International Autodrome - Miami,2023-05-07,18,21,Nyck De Vries DEV,AlphaTauri Honda RBPT,57,+88.949s,0
Miami International Autodrome - Miami,2023-05-07,19,81,Oscar Piastri PIA,McLaren Mercedes,56,+1 lap,0
Miami International Autodrome - Miami,2023-05-07,20,2,Logan Sargeant SAR,Williams Mercedes,56,+1 lap,0
Circuit de Monaco - Monaco,2023-05-28,1,1,Max Verstappen VER,Red Bull Racing Honda RBPT,78,1:48:51.980,25
Circuit de Monaco - Monaco,2023-05-28,2,14,Fernando Alonso ALO,Aston Martin Aramco Mercedes,78,+27.921s,18
Circuit de Monaco - Monaco,2023-05-28,3,31,Esteban Ocon OCO,Alpine Renault,78,+36.990s,15
Circuit de Monaco - Monaco,2023-05-28,4,44,Lewis Hamilton HAM,Mercedes,78,+39.062s,13
Circuit de Monaco - Monaco,2023-05-28,5,63,George Russell RUS,Mercedes,78,+56.284s,10
Circuit de Monaco - Monaco,2023-05-28,6,16,Charles Leclerc LEC,Ferrari,78,+61.890s,8
Circuit de Monaco - Monaco,2023-05-28,7,10,Pierre Gasly GAS,Alpine Renault,78,+62.362s,6
Circuit de Monaco - Monaco,2023-05-28,8,55,Carlos Sainz SAI,Ferrari,78,+63.391s,4
Circuit de Monaco - Monaco,2023-05-28,9,4,Lando Norris NOR,McLaren Mercedes,77,+1 lap,2
Circuit de Monaco - Monaco,2023-05-28,10,81,Oscar Piastri PIA,McLaren Mercedes,77,+1 lap,1
Circuit de Monaco - Monaco,2023-05-28,11,77,Valtteri Bottas BOT,Alfa Romeo Ferrari,77,+1 lap,0
Circuit de Monaco - Monaco,2023-05-28,12,21,Nyck De Vries DEV,AlphaTauri Honda RBPT,77,+1 lap,0
Circuit de Monaco - Monaco,2023-05-28,13,24,Zhou Guanyu ZHO,Alfa Romeo Ferrari,77,+1 lap,0
Circuit de Monaco - Monaco,2023-05-28,14,23,Alexander Albon ALB,Williams Mercedes,77,+1 lap,0
Circuit de Monaco - Monaco,2023-05-28,15,22,Yuki Tsunoda TSU,AlphaTauri Honda RBPT,76,+2 laps,0
Circuit de Monaco - Monaco,2023-05-28,16,11,Sergio Perez PER,Red Bull Racing Honda RBPT,76,+2 laps,0
Circuit de Monaco - Monaco,2023-05-28,17,27,Nico Hulkenberg HUL,Haas Ferrari,76,+2 laps,0
Circuit de Monaco - Monaco,2023-05-28,18,2,Logan Sargeant SAR,Williams Mercedes,76,+2 laps,0
Circuit de Monaco - Monaco,2023-05-28,19,20,Kevin Magnussen MAG,Haas Ferrari,70,DNF,0
Circuit de Monaco - Monaco,2023-05-28,NC,18,Lance Stroll STR,Aston Martin Aramco Mercedes,53,DNF,0
Circuit de Barcelona-Catalunya - Barcelona,2023-06-04,1,1,Max Verstappen VER,Red Bull Racing Honda RBPT,66,1:27:57.940,26
Circuit de Barcelona-Catalunya - Barcelona,2023-06-04,2,44,Lewis Hamilton HAM,Mercedes,66,+24.090s,18
Circuit de Barcelona-Catalunya - Barcelona,2023-06-04,3,63,George Russell RUS,Mercedes,66,+32.389s,15
Circuit de Barcelona-Catalunya - Barcelona,2023-06-04,4,11,Sergio Perez PER,Red Bull Racing Honda RBPT,66,+35.812s,12
Circuit de Barcelona-Catalunya - Barcelona,2023-06-04,5,55,Carlos Sainz SAI,Ferrari,66,+45.698s,10
Circuit de Barcelona-Catalunya - Barcelona,2023-06-04,6,18,Lance Stroll STR,Aston Martin Aramco Mercedes,66,+63.320s,8
Circuit de Barcelona-Catalunya - Barcelona,2023-06-04,7,14,Fernando Alonso ALO,Aston Martin Aramco Mercedes,66,+64.127s,6
Circuit de Barcelona-Catalunya - Barcelona,2023-06-04,8,31,Esteban Ocon OCO,Alpine Renault,66,+69.242s,4
Circuit de Barcelona-Catalunya - Barcelona,2023-06-04,9,24,Zhou Guanyu ZHO,Alfa Romeo Ferrari,66,+71.878s,2
Circuit de Barcelona-Catalunya - Barcelona,2023-06-04,10,10,Pierre Gasly GAS,Alpine Renault,66,+73.530s,1
Circuit de Barcelona-Catalunya - Barcelona,2023-06-04,11,16,Charles Leclerc LEC,Ferrari,66,+74.419s,0
Circuit de Barcelona-Catalunya - Barcelona,2023-06-04,12,22,Yuki Tsunoda TSU,AlphaTauri Honda RBPT,66,+75.416s,0
Circuit de Barcelona-Catalunya - Barcelona,2023-06-04,13,81,Oscar Piastri PIA,McLaren Mercedes,65,+1 lap,0
Circuit de Barcelona-Catalunya - Barcelona,2023-06-04,14,21,Nyck De Vries DEV,AlphaTauri Honda RBPT,65,+1 lap,0
Circuit de Barcelona-Catalunya - Barcelona,2023-06-04,15,27,Nico Hulkenberg HUL,Haas Ferrari,65,+1 lap,0
Circuit de Barcelona-Catalunya - Barcelona,2023-06-04,16,23,Alexander Albon ALB,Williams Mercedes,65,+1 lap,0
Circuit de Barcelona-Catalunya - Barcelona,2023-06-04,17,4,Lando Norris NOR,McLaren Mercedes,65,+1 lap,0
Circuit de Barcelona-Catalunya - Barcelona,2023-06-04,18,20,Kevin Magnussen MAG,Haas Ferrari,65,+1 lap,0
Circuit de Barcelona-Catalunya - Barcelona,2023-06-04,19,77,Valtteri Bottas BOT,Alfa Romeo Ferrari,65,+1 lap,0
Circuit de Barcelona-Catalunya - Barcelona,2023-06-04,20,2,Logan Sargeant SAR,Williams Mercedes,65,+1 lap,0
Circuit Gilles-Villeneuve - Montréal,2023-06-18,1,1,Max Verstappen VER,Red Bull Racing Honda RBPT,70,1:33:58.348,25
Circuit Gilles-Villeneuve - Montréal,2023-06-18,2,14,Fernando Alonso ALO,Aston Martin Aramco Mercedes,70,+9.570s,18
Circuit Gilles-Villeneuve - Montréal,2023-06-18,3,44,Lewis Hamilton HAM,Mercedes,70,+14.168s,15
Circuit Gilles-Villeneuve - Montréal,2023-06-18,4,16,Charles Leclerc LEC,Ferrari,70,+18.648s,12
Circuit Gilles-Villeneuve - Montréal,2023-06-18,5,55,Carlos Sainz SAI,Ferrari,70,+21.540s,10
Circuit Gilles-Villeneuve - Montréal,2023-06-18,6,11,Sergio Perez PER,Red Bull Racing Honda RBPT,70,+51.028s,9
Circuit Gilles-Villeneuve - Montréal,2023-06-18,7,23,Alexander Albon ALB,Williams Mercedes,70,+60.813s,6
Circuit Gilles-Villeneuve - Montréal,2023-06-18,8,31,Esteban Ocon OCO,Alpine Renault,70,+61.692s,4
Circuit Gilles-Villeneuve - Montréal,2023-06-18,9,18,Lance Stroll STR,Aston Martin Aramco Mercedes,70,+64.402s,2
Circuit Gilles-Villeneuve - Montréal,2023-06-18,10,77,Valtteri Bottas BOT,Alfa Romeo Ferrari,70,+64.432s,1
Circuit Gilles-Villeneuve - Montréal,2023-06-18,11,81,Oscar Piastri PIA,McLaren Mercedes,70,+65.101s,0
Circuit Gilles-Villeneuve - Montréal,2023-06-18,12,10,Pierre Gasly GAS,Alpine Renault,70,+65.249s,0
Circuit Gilles-Villeneuve - Montréal,2023-06-18,13,4,Lando Norris NOR,McLaren Mercedes,70,+68.363s,0
Circuit Gilles-Villeneuve - Montréal,2023-06-18,14,22,Yuki Tsunoda TSU,AlphaTauri Honda RBPT,70,+73.423s,0
Circuit Gilles-Villeneuve - Montréal,2023-06-18,15,27,Nico Hulkenberg HUL,Haas Ferrari,69,+1 lap,0
Circuit Gilles-Villeneuve - Montréal,2023-06-18,16,24,Zhou Guanyu ZHO,Alfa Romeo Ferrari,69,+1 lap,0
Circuit Gilles-Villeneuve - Montréal,2023-06-18,17,20,Kevin Magnussen MAG,Haas Ferrari,69,+1 lap,0
Circuit Gilles-Villeneuve - Montréal,2023-06-18,18,21,Nyck De Vries DEV,AlphaTauri Honda RBPT,69,+1 lap,0
Circuit Gilles-Villeneuve - Montréal,2023-06-18,NC,63,George Russell RUS,Mercedes,53,DNF,0
Circuit Gilles-Villeneuve - Montréal,2023-06-18,NC,2,Logan Sargeant SAR,Williams Mercedes,6,DNF,0
Red Bull Ring - Spielberg,2023-07-02,1,1,Max Verstappen VER,Red Bull Racing Honda RBPT,71,1:25:33.607,26
Red Bull Ring - Spielberg,2023-07-02,2,16,Charles Leclerc LEC,Ferrari,71,+5.155s,18
Red Bull Ring - Spielberg,2023-07-02,3,11,Sergio Perez PER,Red Bull Racing Honda RBPT,71,+17.188s,15
Red Bull Ring - Spielberg,2023-07-02,4,4,Lando Norris NOR,McLaren Mercedes,71,+26.327s,12
Red Bull Ring - Spielberg,2023-07-02,5,14,Fernando Alonso ALO,Aston Martin Aramco Mercedes,71,+30.317s,10
Red Bull Ring - Spielberg,2023-07-02,6,55,Carlos Sainz SAI,Ferrari,71,+31.377s,8
Red Bull Ring - Spielberg,2023-07-02,7,63,George Russell RUS,Mercedes,71,+48.403s,6
Red Bull Ring - Spielberg,2023-07-02,8,44,Lewis Hamilton HAM,Mercedes,71,+49.196s,4
Red Bull Ring - Spielberg,2023-07-02,9,18,Lance Stroll STR,Aston Martin Aramco Mercedes,71,+59.043s,2
Red Bull Ring - Spielberg,2023-07-02,10,10,Pierre Gasly GAS,Alpine Renault,71,+67.667s,1
Red Bull Ring - Spielberg,2023-07-02,11,23,Alexander Albon ALB,Williams Mercedes,71,+79.767s,0
Red Bull Ring - Spielberg,2023-07-02,12,24,Zhou Guanyu ZHO,Alfa Romeo Ferrari,70,+1 lap,0
Red Bull Ring - Spielberg,2023-07-02,13,2,Logan Sargeant SAR,Williams Mercedes,70,+1 lap,0
Red Bull Ring - Spielberg,2023-07-02,14,31,Esteban Ocon OCO,Alpine Renault,70,+1 lap,0
Red Bull Ring - Spielberg,2023-07-02,15,77,Valtteri Bottas BOT,Alfa Romeo Ferrari,70,+1 lap,0
Red Bull Ring - Spielberg,2023-07-02,16,81,Oscar Piastri PIA,McLaren Mercedes,70,+1 lap,0
Red Bull Ring - Spielberg,2023-07-02,17,21,Nyck De Vries DEV,AlphaTauri Honda RBPT,70,+1 lap,0
Red Bull Ring - Spielberg,2023-07-02,18,20,Kevin Magnussen MAG,Haas Ferrari,70,+1 lap,0
Red Bull Ring - Spielberg,2023-07-02,19,22,Yuki Tsunoda TSU,AlphaTauri Honda RBPT,70,+1 lap,0
Red Bull Ring - Spielberg,2023-07-02,NC,27,Nico Hulkenberg HUL,Haas Ferrari,12,DNF,0
Silverstone Circuit - Silverstone,2023-07-09,1,1,Max Verstappen VER,Red Bull Racing Honda RBPT,52,1:25:16.938,26
Silverstone Circuit - Silverstone,2023-07-09,2,4,Lando Norris NOR,McLaren Mercedes,52,+3.798s,18
Silverstone Circuit - Silverstone,2023-07-09,3,44,Lewis Hamilton HAM,Mercedes,52,+6.783s,15
Silverstone Circuit - Silverstone,2023-07-09,4,81,Oscar Piastri PIA,McLaren Mercedes,52,+7.776s,12
Silverstone Circuit - Silverstone,2023-07-09,5,63,George Russell RUS,Mercedes,52,+11.206s,10
Silverstone Circuit - Silverstone,2023-07-09,6,11,Sergio Perez PER,Red Bull Racing Honda RBPT,52,+12.882s,8
Silverstone Circuit - Silverstone,2023-07-09,7,14,Fernando Alonso ALO,Aston Martin Aramco Mercedes,52,+17.193s,6
Silverstone Circuit - Silverstone,2023-07-09,8,23,Alexander Albon ALB,Williams Mercedes,52,+17.878s,4
Silverstone Circuit - Silverstone,2023-07-09,9,16,Charles Leclerc LEC,Ferrari,52,+18.689s,2
Silverstone Circuit - Silverstone,2023-07-09,10,55,Carlos Sainz SAI,Ferrari,52,+19.448s,1
Silverstone Circuit - Silverstone,2023-07-09,11,2,Logan Sargeant SAR,Williams Mercedes,52,+23.632s,0
Silverstone Circuit - Silverstone,2023-07-09,12,77,Valtteri Bottas BOT,Alfa Romeo Ferrari,52,+25.830s,0
Silverstone Circuit - Silverstone,2023-07-09,13,27,Nico Hulkenberg HUL,Haas Ferrari,52,+26.663s,0
Silverstone Circuit - Silverstone,2023-07-09,14,18,Lance Stroll STR,Aston Martin Aramco Mercedes,52,+27.483s,0
Silverstone Circuit - Silverstone,2023-07-09,15,24,Zhou Guanyu ZHO,Alfa Romeo Ferrari,52,+29.820s,0
Silverstone Circuit - Silverstone,2023-07-09,16,22,Yuki Tsunoda TSU,AlphaTauri Honda RBPT,52,+31.225s,0
Silverstone Circuit - Silverstone,2023-07-09,17,21,Nyck De Vries DEV,AlphaTauri Honda RBPT,52,+33.128s,0
Silverstone Circuit - Silverstone,2023-07-09,18,10,Pierre Gasly GAS,Alpine Renault,46,DNF,0
Silverstone Circuit - Silverstone,2023-07-09,NC,20,Kevin Magnussen MAG,Haas Ferrari,31,DNF,0
Silverstone Circuit - Silverstone,2023-07-09,NC,31,Esteban Ocon OCO,Alpine Renault,9,DNF,0
Hungaroring - Budapest,2023-07-23,1,1,Max Verstappen VER,Red Bull Racing Honda RBPT,70,1:38:08.634,26
Hungaroring - Budapest,2023-07-23,2,4,Lando Norris NOR,McLaren Mercedes,70,+33.731s,18
Hungaroring - Budapest,2023-07-23,3,11,Sergio Perez PER,Red Bull Racing Honda RBPT,70,+37.603s,15
Hungaroring - Budapest,2023-07-23,4,44,Lewis Hamilton HAM,Mercedes,70,+39.134s,12
Hungaroring - Budapest,2023-07-23,5,81,Oscar Piastri PIA,McLaren Mercedes,70,+62.572s,10
Hungaroring - Budapest,2023-07-23,6,63,George Russell RUS,Mercedes,70,+65.825s,8
Hungaroring - Budapest,2023-07-23,7,16,Charles Leclerc LEC,Ferrari,70,+70.317s,6
Hungaroring - Budapest,2023-07-23,8,55,Carlos Sainz SAI,Ferrari,70,+71.073s,4
Hungaroring - Budapest,2023-07-23,9,14,Fernando Alonso ALO,Aston Martin Aramco Mercedes,70,+75.709s,2
Hungaroring - Budapest,2023-07-23,10,18,Lance Stroll STR,Aston Martin Aramco Mercedes,69,+1 lap,1
Hungaroring - Budapest,2023-07-23,11,23,Alexander Albon ALB,Williams Mercedes,69,+1 lap,0
Hungaroring - Budapest,2023-07-23,12,77,Valtteri Bottas BOT,Alfa Romeo Ferrari,69,+1 lap,0
Hungaroring - Budapest,2023-07-23,13,3,Daniel Ricciardo RIC,AlphaTauri Honda RBPT,69,+1 lap,0
Hungaroring - Budapest,2023-07-23,14,27,Nico Hulkenberg HUL,Haas Ferrari,69,+1 lap,0
Hungaroring - Budapest,2023-07-23,15,22,Yuki Tsunoda TSU,AlphaTauri Honda RBPT,69,+1 lap,0
Hungaroring - Budapest,2023-07-23,16,24,Zhou Guanyu ZHO,Alfa Romeo Ferrari,69,+1 lap,0
Hungaroring - Budapest,2023-07-23,17,20,Kevin Magnussen MAG,Haas Ferrari,69,+1 lap,0
Hungaroring - Budapest,2023-07-23,18,2,Logan Sargeant SAR,Williams Mercedes,67,DNF,0
Hungaroring - Budapest,2023-07-23,NC,31,Esteban Ocon OCO,Alpine Renault,2,DNF,0
Hungaroring - Budapest,2023-07-23,NC,10,Pierre Gasly GAS,Alpine Renault,1,DNF,0
Circuit de Spa-Francorchamps - Spa-Francorchamps,2023-07-30,1,1,Max Verstappen VER,Red Bull Racing Honda RBPT,44,1:22:30.450,25
Circuit de Spa-Francorchamps - Spa-Francorchamps,2023-07-30,2,11,Sergio Perez PER,Red Bull Racing Honda RBPT,44,+22.305s,18
Circuit de Spa-Francorchamps - Spa-Francorchamps,2023-07-30,3,16,Charles Leclerc LEC,Ferrari,44,+32.259s,15
Circuit de Spa-Francorchamps - Spa-Francorchamps,2023-07-30,4,44,Lewis Hamilton HAM,Mercedes,44,+49.671s,13
Circuit de Spa-Francorchamps - Spa-Francorchamps,2023-07-30,5,14,Fernando Alonso ALO,Aston Martin Aramco Mercedes,44,+56.184s,10
Circuit de Spa-Francorchamps - Spa-Francorchamps,2023-07-30,6,63,George Russell RUS,Mercedes,44,+63.101s,8
Circuit de Spa-Francorchamps - Spa-Francorchamps,2023-07-30,7,4,Lando Norris NOR,McLaren Mercedes,44,+73.719s,6
Circuit de Spa-Francorchamps - Spa-Francorchamps,2023-07-30,8,31,Esteban Ocon OCO,Alpine Renault,44,+74.719s,4
Circuit de Spa-Francorchamps - Spa-Francorchamps,2023-07-30,9,18,Lance Stroll STR,Aston Martin Aramco Mercedes,44,+79.340s,2
Circuit de Spa-Francorchamps - Spa-Francorchamps,2023-07-30,10,22,Yuki Tsunoda TSU,AlphaTauri Honda RBPT,44,+80.221s,1
Circuit de Spa-Francorchamps - Spa-Francorchamps,2023-07-30,11,10,Pierre Gasly GAS,Alpine Renault,44,+83.084s,0
Circuit de Spa-Francorchamps - Spa-Francorchamps,2023-07-30,12,77,Valtteri Bottas BOT,Alfa Romeo Ferrari,44,+85.191s,0
Circuit de Spa-Francorchamps - Spa-Francorchamps,2023-07-30,13,24,Zhou Guanyu ZHO,Alfa Romeo Ferrari,44,+95.441s,0
Circuit de Spa-Francorchamps - Spa-Francorchamps,2023-07-30,14,23,Alexander Albon ALB,Williams Mercedes,44,+96.184s,0
Circuit de Spa-Francorchamps - Spa-Francorchamps,2023-07-30,15,20,Kevin Magnussen MAG,Haas Ferrari,44,+101.754s,0
Circuit de Spa-Francorchamps - Spa-Francorchamps,2023-07-30,16,3,Daniel Ricciardo RIC,AlphaTauri Honda RBPT,44,+103.071s,0
Circuit de Spa-Francorchamps - Spa-Francorchamps,2023-07-30,17,2,Logan Sargeant SAR,Williams Mercedes,44,+104.476s,0
Circuit de Spa-Francorchamps - Spa-Francorchamps,2023-07-30,18,27,Nico Hulkenberg HUL,Haas Ferrari,44,+110.450s,0
Circuit de Spa-Francorchamps - Spa-Francorchamps,2023-07-30,NC,55,Carlos Sainz SAI,Ferrari,23,DNF,0
Circuit de Spa-Francorchamps - Spa-Francorchamps,2023-07-30,NC,81,Oscar Piastri PIA,McLaren Mercedes,0,DNF,0
Circuit Zandvoort - Zandvoort,2023-08-27,1,1,Max Verstappen VER,Red Bull Racing Honda RBPT,72,2:24:04.411,25
Circuit Zandvoort - Zandvoort,2023-08-27,2,14,Fernando Alonso ALO,Aston Martin Aramco Mercedes,72,+3.744s,19
Circuit Zandvoort - Zandvoort,2023-08-27,3,10,Pierre Gasly GAS,Alpine Renault,72,+7.058s,15
Circuit Zandvoort - Zandvoort,2023-08-27,4,11,Sergio Perez PER,Red Bull Racing Honda RBPT,72,+10.068s,12
Circuit Zandvoort - Zandvoort,2023-08-27,5,55,Carlos Sainz SAI,Ferrari,72,+12.541s,10
Circuit Zandvoort - Zandvoort,2023-08-27,6,44,Lewis Hamilton HAM,Mercedes,72,+13.209s,8
Circuit Zandvoort - Zandvoort,2023-08-27,7,4,Lando Norris NOR,McLaren Mercedes,72,+13.232s,6
Circuit Zandvoort - Zandvoort,2023-08-27,8,23,Alexander Albon ALB,Williams Mercedes,72,+15.155s,4
Circuit Zandvoort - Zandvoort,2023-08-27,9,81,Oscar Piastri PIA,McLaren Mercedes,72,+16.580s,2
Circuit Zandvoort - Zandvoort,2023-08-27,10,31,Esteban Ocon OCO,Alpine Renault,72,+18.346s,1
Circuit Zandvoort - Zandvoort,2023-08-27,11,18,Lance Stroll STR,Aston Martin Aramco Mercedes,72,+20.087s,0
Circuit Zandvoort - Zandvoort,2023-08-27,12,27,Nico Hulkenberg HUL,Haas Ferrari,72,+20.840s,0
Circuit Zandvoort - Zandvoort,2023-08-27,13,40,Liam Lawson LAW,AlphaTauri Honda RBPT,72,+26.147s,0
Circuit Zandvoort - Zandvoort,2023-08-27,14,77,Valtteri Bottas BOT,Alfa Romeo Ferrari,72,+27.388s,0
Circuit Zandvoort - Zandvoort,2023-08-27,15,22,Yuki Tsunoda TSU,AlphaTauri Honda RBPT,72,+29.893s,0
Circuit Zandvoort - Zandvoort,2023-08-27,16,20,Kevin Magnussen MAG,Haas Ferrari,72,+31.410s,0
Circuit Zandvoort - Zandvoort,2023-08-27,17,63,George Russell RUS,Mercedes,72,+55.754s,0
Circuit Zandvoort - Zandvoort,2023-08-27,NC,24,Zhou Guanyu ZHO,Alfa Romeo Ferrari,62,DNF,0
Circuit Zandvoort - Zandvoort,2023-08-27,NC,16,Charles Leclerc LEC,Ferrari,41,DNF,0
Circuit Zandvoort - Zandvoort,2023-08-27,NC,2,Logan Sargeant SAR,Williams Mercedes,14,DNF,0
Autodromo Nazionale Monza - Monza,2023-09-03,1,1,Max Verstappen VER,Red Bull Racing Honda RBPT,51,1:13:41.143,25
Autodromo Nazionale Monza - Monza,2023-09-03,2,11,Sergio Perez PER,Red Bull Racing Honda RBPT,51,+6.064s,18
Autodromo Nazionale Monza - Monza,2023-09-03,3,55,Carlos Sainz SAI,Ferrari,51,+11.193s,15
Autodromo Nazionale Monza - Monza,2023-09-03,4,16,Charles Leclerc LEC,Ferrari,51,+11.377s,12
Autodromo Nazionale Monza - Monza,2023-09-03,5,63,George Russell RUS,Mercedes,51,+23.028s,10
Autodromo Nazionale Monza - Monza,2023-09-03,6,44,Lewis Hamilton HAM,Mercedes,51,+42.679s,8
Autodromo Nazionale Monza - Monza,2023-09-03,7,23,Alexander Albon ALB,Williams Mercedes,51,+45.106s,6
Autodromo Nazionale Monza - Monza,2023-09-03,8,4,Lando Norris NOR,McLaren Mercedes,51,+45.449s,4
Autodromo Nazionale Monza - Monza,2023-09-03,9,14,Fernando Alonso ALO,Aston Martin Aramco Mercedes,51,+46.294s,2
Autodromo Nazionale Monza - Monza,2023-09-03,10,77,Valtteri Bottas BOT,Alfa Romeo Ferrari,51,+64.056s,1
Autodromo Nazionale Monza - Monza,2023-09-03,11,40,Liam Lawson LAW,AlphaTauri Honda RBPT,51,+70.638s,0
Autodromo Nazionale Monza - Monza,2023-09-03,12,81,Oscar Piastri PIA,McLaren Mercedes,51,+73.074s,0
Autodromo Nazionale Monza - Monza,2023-09-03,13,2,Logan Sargeant SAR,Williams Mercedes,51,+78.557s,0
Autodromo Nazionale Monza - Monza,2023-09-03,14,24,Zhou Guanyu ZHO,Alfa Romeo Ferrari,51,+80.164s,0
Autodromo Nazionale Monza - Monza,2023-09-03,15,10,Pierre Gasly GAS,Alpine Renault,51,+82.510s,0
Autodromo Nazionale Monza - Monza,2023-09-03,16,18,Lance Stroll STR,Aston Martin Aramco Mercedes,51,+87.266s,0
Autodromo Nazionale Monza - Monza,2023-09-03,17,27,Nico Hulkenberg HUL,Haas Ferrari,50,+1 lap,0
Autodromo Nazionale Monza - Monza,2023-09-03,18,20,Kevin Magnussen MAG,Haas Ferrari,50,+1 lap,0
Autodromo Nazionale Monza - Monza,2023-09-03,NC,31,Esteban Ocon OCO,Alpine Renault,39,DNF,0
Autodromo Nazionale Monza - Monza,2023-09-03,NC,22,Yuki Tsunoda TSU,AlphaTauri Honda RBPT,0,DNS,0
Marina Bay Street Circuit - Marina Bay,2023-09-17,1,55,Carlos Sainz SAI,Ferrari,62,1:46:37.418,25
Marina Bay Street Circuit - Marina Bay,2023-09-17,2,4,Lando Norris NOR,McLaren Mercedes,62,+0.812s,18
Marina Bay Street Circuit - Marina Bay,2023-09-17,3,44,Lewis Hamilton HAM,Mercedes,62,+1.269s,16
Marina Bay Street Circuit - Marina Bay,2023-09-17,4,16,Charles Leclerc LEC,Ferrari,62,+21.177s,12
Marina Bay Street Circuit - Marina Bay,2023-09-17,5,1,Max Verstappen VER,Red Bull Racing Honda RBPT,62,+21.441s,10
Marina Bay Street Circuit - Marina Bay,2023-09-17,6,10,Pierre Gasly GAS,Alpine Renault,62,+38.441s,8
Marina Bay Street Circuit - Marina Bay,2023-09-17,7,81,Oscar Piastri PIA,McLaren Mercedes,62,+41.479s,6
Marina Bay Street Circuit - Marina Bay,2023-09-17,8,11,Sergio Perez PER,Red Bull Racing Honda RBPT,62,+59.534s,4
Marina Bay Street Circuit - Marina Bay,2023-09-17,9,40,Liam Lawson LAW,AlphaTauri Honda RBPT,62,+65.918s,2
Marina Bay Street Circuit - Marina Bay,2023-09-17,10,20,Kevin Magnussen MAG,Haas Ferrari,62,+72.116s,1
Marina Bay Street Circuit - Marina Bay,2023-09-17,11,23,Alexander Albon ALB,Williams Mercedes,62,+73.417s,0
Marina Bay Street Circuit - Marina Bay,2023-09-17,12,24,Zhou Guanyu ZHO,Alfa Romeo Ferrari,62,+83.649s,0
Marina Bay Street Circuit - Marina Bay,2023-09-17,13,27,Nico Hulkenberg HUL,Haas Ferrari,62,+86.201s,0
Marina Bay Street Circuit - Marina Bay,2023-09-17,14,2,Logan Sargeant SAR,Williams Mercedes,62,+86.889s,0
Marina Bay Street Circuit - Marina Bay,2023-09-17,15,14,Fernando Alonso ALO,Aston Martin Aramco Mercedes,62,+87.603s,0
Marina Bay Street Circuit - Marina Bay,2023-09-17,16,63,George Russell RUS,Mercedes,61,DNF,0
Marina Bay Street Circuit - Marina Bay,2023-09-17,NC,77,Valtteri Bottas BOT,Alfa Romeo Ferrari,51,DNF,0
Marina Bay Street Circuit - Marina Bay,2023-09-17,NC,31,Esteban Ocon OCO,Alpine Renault,42,DNF,0
Marina Bay Street Circuit - Marina Bay,2023-09-17,NC,22,Yuki Tsunoda TSU,AlphaTauri Honda RBPT,0,DNF,0
Suzuka International Racing Course - Suzuka,2023-09-24,1,1,Max Verstappen VER,Red Bull Racing Honda RBPT,53,1:30:58.421,26
Suzuka International Racing Course - Suzuka,2023-09-24,2,4,Lando Norris NOR,McLaren Mercedes,53,+19.387s,18
Suzuka International Racing Course - Suzuka,2023-09-24,3,81,Oscar Piastri PIA,McLaren Mercedes,53,+36.494s,15
Suzuka International Racing Course - Suzuka,2023-09-24,4,16,Charles Leclerc LEC,Ferrari,53,+43.998s,12
Suzuka International Racing Course - Suzuka,2023-09-24,5,44,Lewis Hamilton HAM,Mercedes,53,+49.376s,10
Suzuka International Racing Course - Suzuka,2023-09-24,6,55,Carlos Sainz SAI,Ferrari,53,+50.221s,8
Suzuka International Racing Course - Suzuka,2023-09-24,7,63,George Russell RUS,Mercedes,53,+57.659s,6
Suzuka International Racing Course - Suzuka,2023-09-24,8,14,Fernando Alonso ALO,Aston Martin Aramco Mercedes,53,+74.725s,4
Suzuka International Racing Course - Suzuka,2023-09-24,9,31,Esteban Ocon OCO,Alpine Renault,53,+79.678s,2
Suzuka International Racing Course - Suzuka,2023-09-24,10,10,Pierre Gasly GAS,Alpine Renault,53,+83.155s,1
Suzuka International Racing Course - Suzuka,2023-09-24,11,40,Liam Lawson LAW,AlphaTauri Honda RBPT,52,+1 lap,0
Suzuka International Racing Course - Suzuka,2023-09-24,12,22,Yuki Tsunoda TSU,AlphaTauri Honda RBPT,52,+1 lap,0
Suzuka International Racing Course - Suzuka,2023-09-24,13,24,Zhou Guanyu ZHO,Alfa Romeo Ferrari,52,+1 lap,0
Suzuka International Racing Course - Suzuka,2023-09-24,14,27,Nico Hulkenberg HUL,Haas Ferrari,52,+1 lap,0
Suzuka International Racing Course - Suzuka,2023-09-24,15,20,Kevin Magnussen MAG,Haas Ferrari,52,+1 lap,0
Suzuka International Racing Course - Suzuka,2023-09-24,NC,23,Alexander Albon ALB,Williams Mercedes,26,DNF,0
Suzuka International Racing Course - Suzuka,2023-09-24,NC,2,Logan Sargeant SAR,Williams Mercedes,22,DNF,0
Suzuka International Racing Course - Suzuka,2023-09-24,NC,18,Lance Stroll STR,Aston Martin Aramco Mercedes,20,DNF,0
Suzuka International Racing Course - Suzuka,2023-09-24,NC,11,Sergio Perez PER,Red Bull Racing Honda RBPT,15,DNF,0
Suzuka International Racing Course - Suzuka,2023-09-24,NC,77,Valtteri Bottas BOT,Alfa Romeo Ferrari,7,DNF,0
Lusail International Circuit - Lusail,2023-10-08,1,1,Max Verstappen VER,Red Bull Racing Honda RBPT,57,1:27:39.168,26
Lusail International Circuit - Lusail,2023-10-08,2,81,Oscar Piastri PIA,McLaren Mercedes,57,+4.833s,18
Lusail International Circuit - Lusail,2023-10-08,3,4,Lando Norris NOR,McLaren Mercedes,57,+5.969s,15
Lusail International Circuit - Lusail,2023-10-08,4,63,George Russell RUS,Mercedes,57,+34.119s,12
Lusail International Circuit - Lusail,2023-10-08,5,16,Charles Leclerc LEC,Ferrari,57,+38.976s,10
Lusail International Circuit - Lusail,2023-10-08,6,14,Fernando Alonso ALO,Aston Martin Aramco Mercedes,57,+49.032s,8
Lusail International Circuit - Lusail,2023-10-08,7,31,Esteban Ocon OCO,Alpine Renault,57,+62.390s,6
Lusail International Circuit - Lusail,2023-10-08,8,77,Valtteri Bottas BOT,Alfa Romeo Ferrari,57,+66.563s,4
Lusail International Circuit - Lusail,2023-10-08,9,24,Zhou Guanyu ZHO,Alfa Romeo Ferrari,57,+76.127s,2
Lusail International Circuit - Lusail,2023-10-08,10,11,Sergio Perez PER,Red Bull Racing Honda RBPT,57,+80.181s,1
Lusail International Circuit - Lusail,2023-10-08,11,18,Lance Stroll STR,Aston Martin Aramco Mercedes,57,+81.652s,0
Lusail International Circuit - Lusail,2023-10-08,12,10,Pierre Gasly GAS,Alpine Renault,57,+82.300s,0
Lusail International Circuit - Lusail,2023-10-08,13,23,Alexander Albon ALB,Williams Mercedes,57,+91.014s,0
Lusail International Circuit - Lusail,2023-10-08,14,20,Kevin Magnussen MAG,Haas Ferrari,56,+1 lap,0
Lusail International Circuit - Lusail,2023-10-08,15,22,Yuki Tsunoda TSU,AlphaTauri Honda RBPT,56,+1 lap,0
Lusail International Circuit - Lusail,2023-10-08,16,27,Nico Hulkenberg HUL,Haas Ferrari,56,+1 lap,0
Lusail International Circuit - Lusail,2023-10-08,17,40,Liam Lawson LAW,AlphaTauri Honda RBPT,56,+1 lap,0
Lusail International Circuit - Lusail,2023-10-08,NC,2,Logan Sargeant SAR,Williams Mercedes,40,DNF,0
Lusail International Circuit - Lusail,2023-10-08,NC,44,Lewis Hamilton HAM,Mercedes,0,DNF,0
Lusail International Circuit - Lusail,2023-10-08,NC,55,Carlos Sainz SAI,Ferrari,0,DNS,0
Circuit of The Americas - Austin,2023-10-22,1,1,Max Verstappen VER,Red Bull Racing Honda RBPT,56,1:35:21.362,25
Circuit of The Americas - Austin,2023-10-22,DQ,44,Lewis Hamilton HAM,Mercedes,56,+2.225s,0
Circuit of The Americas - Austin,2023-10-22,2,4,Lando Norris NOR,McLaren Mercedes,56,+10.730s,18
Circuit of The Americas - Austin,2023-10-22,3,55,Carlos Sainz SAI,Ferrari,56,+15.134s,15
Circuit of The Americas - Austin,2023-10-22,4,11,Sergio Perez PER,Red Bull Racing Honda RBPT,56,+18.460s,12
Circuit of The Americas - Austin,2023-10-22,DQ,16,Charles Leclerc LEC,Ferrari,56,+24.662s,0
Circuit of The Americas - Austin,2023-10-22,5,63,George Russell RUS,Mercedes,56,+24.999s,10
Circuit of The Americas - Austin,2023-10-22,6,10,Pierre Gasly GAS,Alpine Renault,56,+47.996s,8
Circuit of The Americas - Austin,2023-10-22,7,18,Lance Stroll STR,Aston Martin Aramco Mercedes,56,+48.696s,6
Circuit of The Americas - Austin,2023-10-22,8,22,Yuki Tsunoda TSU,AlphaTauri Honda RBPT,56,+74.385s,5
Circuit of The Americas - Austin,2023-10-22,9,23,Alexander Albon ALB,Williams Mercedes,56,+86.714s,2
Circuit of The Americas - Austin,2023-10-22,10,2,Logan Sargeant SAR,Williams Mercedes,56,+87.998s,1
Circuit of The Americas - Austin,2023-10-22,11,27,Nico Hulkenberg HUL,Haas Ferrari,56,+89.904s,0
Circuit of The Americas - Austin,2023-10-22,12,77,Valtteri Bottas BOT,Alfa Romeo Ferrari,56,+98.601s,0
Circuit of The Americas - Austin,2023-10-22,13,24,Zhou Guanyu ZHO,Alfa Romeo Ferrari,55,+1 lap,0
Circuit of The Americas - Austin,2023-10-22,14,20,Kevin Magnussen MAG,Haas Ferrari,55,+1 lap,0
Circuit of The Americas - Austin,2023-10-22,15,3,Daniel Ricciardo RIC,AlphaTauri Honda RBPT,55,+1 lap,0
Circuit of The Americas - Austin,2023-10-22,NC,14,Fernando Alonso ALO,Aston Martin Aramco Mercedes,49,DNF,0
Circuit of The Americas - Austin,2023-10-22,NC,81,Oscar Piastri PIA,McLaren Mercedes,10,DNF,0
Circuit of The Americas - Austin,2023-10-22,NC,31,Esteban Ocon OCO,Alpine Renault,6,DNF,0
Autódromo Hermanos Rodríguez - Mexico City,2023-10-29,1,1,Max Verstappen VER,Red Bull Racing Honda RBPT,71,2:02:30.814,25
Autódromo Hermanos Rodríguez - Mexico City,2023-10-29,2,44,Lewis Hamilton HAM,Mercedes,71,+13.875s,19
Autódromo Hermanos Rodríguez - Mexico City,2023-10-29,3,16,Charles Leclerc LEC,Ferrari,71,+23.124s,15
Autódromo Hermanos Rodríguez - Mexico City,2023-10-29,4,55,Carlos Sainz SAI,Ferrari,71,+27.154s,12
Autódromo Hermanos Rodríguez - Mexico City,2023-10-29,5,4,Lando Norris NOR,McLaren Mercedes,71,+33.266s,10
Autódromo Hermanos Rodríguez - Mexico City,2023-10-29,6,63,George Russell RUS,Mercedes,71,+41.020s,8
Autódromo Hermanos Rodríguez - Mexico City,2023-10-29,7,3,Daniel Ricciardo RIC,AlphaTauri Honda RBPT,71,+41.570s,6
Autódromo Hermanos Rodríguez - Mexico City,2023-10-29,8,81,Oscar Piastri PIA,McLaren Mercedes,71,+43.104s,4
Autódromo Hermanos Rodríguez - Mexico City,2023-10-29,9,23,Alexander Albon ALB,Williams Mercedes,71,+48.573s,2
Autódromo Hermanos Rodríguez - Mexico City,2023-10-29,10,31,Esteban Ocon OCO,Alpine Renault,71,+62.879s,1
Autódromo Hermanos Rodríguez - Mexico City,2023-10-29,11,10,Pierre Gasly GAS,Alpine Renault,71,+66.208s,0
Autódromo Hermanos Rodríguez - Mexico City,2023-10-29,12,22,Yuki Tsunoda TSU,AlphaTauri Honda RBPT,71,+78.982s,0
Autódromo Hermanos Rodríguez - Mexico City,2023-10-29,13,27,Nico Hulkenberg HUL,Haas Ferrari,71,+80.309s,0
Autódromo Hermanos Rodríguez - Mexico City,2023-10-29,14,24,Zhou Guanyu ZHO,Alfa Romeo Ferrari,71,+81.676s,0
Autódromo Hermanos Rodríguez - Mexico City,2023-10-29,15,77,Valtteri Bottas BOT,Alfa Romeo Ferrari,71,+85.597s,0
Autódromo Hermanos Rodríguez - Mexico City,2023-10-29,16,2,Logan Sargeant SAR,Williams Mercedes,70,DNF,0
Autódromo Hermanos Rodríguez - Mexico City,2023-10-29,17,18,Lance Stroll STR,Aston Martin Aramco Mercedes,66,DNF,0
Autódromo Hermanos Rodríguez - Mexico City,2023-10-29,NC,14,Fernando Alonso ALO,Aston Martin Aramco Mercedes,47,DNF,0
Autódromo Hermanos Rodríguez - Mexico City,2023-10-29,NC,20,Kevin Magnussen MAG,Haas Ferrari,31,DNF,0
Autódromo Hermanos Rodríguez - Mexico City,2023-10-29,NC,11,Sergio Perez PER,Red Bull Racing Honda RBPT,1,DNF,0
Autódromo José Carlos Pace - São Paulo,2023-11-05,1,1,Max Verstappen VER,Red Bull Racing Honda RBPT,71,1:56:48.894,25
Autódromo José Carlos Pace - São Paulo,2023-11-05,2,4,Lando Norris NOR,McLaren Mercedes,71,+8.277s,19
Autódromo José Carlos Pace - São Paulo,2023-11-05,3,14,Fernando Alonso ALO,Aston Martin Aramco Mercedes,71,+34.155s,15
Autódromo José Carlos Pace - São Paulo,2023-11-05,4,11,Sergio Perez PER,Red Bull Racing Honda RBPT,71,+34.208s,12
Autódromo José Carlos Pace - São Paulo,2023-11-05,5,18,Lance Stroll STR,Aston Martin Aramco Mercedes,71,+40.845s,10
Autódromo José Carlos Pace - São Paulo,2023-11-05,6,55,Carlos Sainz SAI,Ferrari,71,+50.188s,8
Autódromo José Carlos Pace - São Paulo,2023-11-05,7,10,Pierre Gasly GAS,Alpine Renault,71,+56.093s,6
Autódromo José Carlos Pace - São Paulo,2023-11-05,8,44,Lewis Hamilton HAM,Mercedes,71,+62.859s,4
Autódromo José Carlos Pace - São Paulo,2023-11-05,9,22,Yuki Tsunoda TSU,AlphaTauri Honda RBPT,71,+69.880s,2
Autódromo José Carlos Pace - São Paulo,2023-11-05,10,31,Esteban Ocon OCO,Alpine Renault,70,+1 lap,1
Autódromo José Carlos Pace - São Paulo,2023-11-05,11,2,Logan Sargeant SAR,Williams Mercedes,70,+1 lap,0
Autódromo José Carlos Pace - São Paulo,2023-11-05,12,27,Nico Hulkenberg HUL,Haas Ferrari,70,+1 lap,0
Autódromo José Carlos Pace - São Paulo,2023-11-05,13,3,Daniel Ricciardo RIC,AlphaTauri Honda RBPT,70,+1 lap,0
Autódromo José Carlos Pace - São Paulo,2023-11-05,14,81,Oscar Piastri PIA,McLaren Mercedes,69,+2 laps,0
Autódromo José Carlos Pace - São Paulo,2023-11-05,NC,63,George Russell RUS,Mercedes,57,DNF,0
Autódromo José Carlos Pace - São Paulo,2023-11-05,NC,77,Valtteri Bottas BOT,Alfa Romeo Ferrari,39,DNF,0
Autódromo José Carlos Pace - São Paulo,2023-11-05,NC,24,Zhou Guanyu ZHO,Alfa Romeo Ferrari,22,DNF,0
Autódromo José Carlos Pace - São Paulo,2023-11-05,NC,20,Kevin Magnussen MAG,Haas Ferrari,0,DNF,0
Autódromo José Carlos Pace - São Paulo,2023-11-05,NC,23,Alexander Albon ALB,Williams Mercedes,0,DNF,0
Autódromo José Carlos Pace - São Paulo,2023-11-05,NC,16,Charles Leclerc LEC,Ferrari,0,DNS,0
Las Vegas Strip Circuit - Las Vegas,2023-11-18,1,1,Max Verstappen VER,Red Bull Racing Honda RBPT,50,1:29:08.289,25
Las Vegas Strip Circuit - Las Vegas,2023-11-18,2,16,Charles Leclerc LEC,Ferrari,50,+2.070s,18
Las Vegas Strip Circuit - Las Vegas,2023-11-18,3,11,Sergio Perez PER,Red Bull Racing Honda RBPT,50,+2.241s,15
Las Vegas Strip Circuit - Las Vegas,2023-11-18,4,31,Esteban Ocon OCO,Alpine Renault,50,+18.665s,12
Las Vegas Strip Circuit - Las Vegas,2023-11-18,5,18,Lance Stroll STR,Aston Martin Aramco Mercedes,50,+20.067s,10
Las Vegas Strip Circuit - Las Vegas,2023-11-18,6,55,Carlos Sainz SAI,Ferrari,50,+20.834s,8
Las Vegas Strip Circuit - Las Vegas,2023-11-18,7,44,Lewis Hamilton HAM,Mercedes,50,+21.755s,6
Las Vegas Strip Circuit - Las Vegas,2023-11-18,8,63,George Russell RUS,Mercedes,50,+23.091s,4
Las Vegas Strip Circuit - Las Vegas,2023-11-18,9,14,Fernando Alonso ALO,Aston Martin Aramco Mercedes,50,+25.964s,2
Las Vegas Strip Circuit - Las Vegas,2023-11-18,10,81,Oscar Piastri PIA,McLaren Mercedes,50,+29.496s,2
Las Vegas Strip Circuit - Las Vegas,2023-11-18,11,10,Pierre Gasly GAS,Alpine Renault,50,+34.270s,0
Las Vegas Strip Circuit - Las Vegas,2023-11-18,12,23,Alexander Albon ALB,Williams Mercedes,50,+43.398s,0
Las Vegas Strip Circuit - Las Vegas,2023-11-18,13,20,Kevin Magnussen MAG,Haas Ferrari,50,+44.825s,0
Las Vegas Strip Circuit - Las Vegas,2023-11-18,14,3,Daniel Ricciardo RIC,AlphaTauri Honda RBPT,50,+48.525s,0
Las Vegas Strip Circuit - Las Vegas,2023-11-18,15,24,Zhou Guanyu ZHO,Alfa Romeo Ferrari,50,+50.162s,0
Las Vegas Strip Circuit - Las Vegas,2023-11-18,16,2,Logan Sargeant SAR,Williams Mercedes,50,+50.882s,0
Las Vegas Strip Circuit - Las Vegas,2023-11-18,17,77,Valtteri Bottas BOT,Alfa Romeo Ferrari,50,+85.350s,0
Las Vegas Strip Circuit - Las Vegas,2023-11-18,18,22,Yuki Tsunoda TSU,AlphaTauri Honda RBPT,46,DNF,0
Las Vegas Strip Circuit - Las Vegas,2023-11-18,19,27,Nico Hulkenberg HUL,Haas Ferrari,45,DNF,0
Las Vegas Strip Circuit - Las Vegas,2023-11-18,NC,4,Lando Norris NOR,McLaren Mercedes,2,DNF,0
Yas Marina Circuit - Yas Island,2023-11-26,1,1,Max Verstappen VER,Red Bull Racing Honda RBPT,58,1:27:02.624,26
Yas Marina Circuit - Yas Island,2023-11-26,2,16,Charles Leclerc LEC,Ferrari,58,+17.993s,18
Yas Marina Circuit - Yas Island,2023-11-26,3,63,George Russell RUS,Mercedes,58,+20.328s,15
Yas Marina Circuit - Yas Island,2023-11-26,4,11,Sergio Perez PER,Red Bull Racing Honda RBPT,58,+21.453s,12
Yas Marina Circuit - Yas Island,2023-11-26,5,4,Lando Norris NOR,McLaren Mercedes,58,+24.284s,10
Yas Marina Circuit - Yas Island,2023-11-26,6,81,Oscar Piastri PIA,McLaren Mercedes,58,+31.487s,8
Yas Marina Circuit - Yas Island,2023-11-26,7,14,Fernando Alonso ALO,Aston Martin Aramco Mercedes,58,+39.512s,6
Yas Marina Circuit - Yas Island,2023-11-26,8,22,Yuki Tsunoda TSU,AlphaTauri Honda RBPT,58,+43.088s,4
Yas Marina Circuit - Yas Island,2023-11-26,9,44,Lewis Hamilton HAM,Mercedes,58,+44.424s,2
Yas Marina Circuit - Yas Island,2023-11-26,10,18,Lance Stroll STR,Aston Martin Aramco Mercedes,58,+55.632s,1
Yas Marina Circuit - Yas Island,2023-11-26,11,3,Daniel Ricciardo RIC,AlphaTauri Honda RBPT,58,+56.229s,0
Yas Marina Circuit - Yas Island,2023-11-26,12,31,Esteban Ocon OCO,Alpine Renault,58,+66.373s,0
Yas Marina Circuit - Yas Island,2023-11-26,13,10,Pierre Gasly GAS,Alpine Renault,58,+70.360s,0
Yas Marina Circuit - Yas Island,2023-11-26,14,23,Alexander Albon ALB,Williams Mercedes,58,+73.184s,0
Yas Marina Circuit - Yas Island,2023-11-26,15,27,Nico Hulkenberg HUL,Haas Ferrari,58,+83.696s,0
Yas Marina Circuit - Yas Island,2023-11-26,16,2,Logan Sargeant SAR,Williams Mercedes,58,+87.791s,0
Yas Marina Circuit - Yas Island,2023-11-26,17,24,Zhou Guanyu ZHO,Alfa Romeo Ferrari,58,+89.422s,0
Yas Marina Circuit - Yas Island,2023-11-26,18,55,Carlos Sainz SAI,Ferrari,57,DNF,0
Yas Marina Circuit - Yas Island,2023-11-26,19,77,Valtteri Bottas BOT,Alfa Romeo Ferrari,57,+1 lap,0
Yas Marina Circuit - Yas Island,2023-11-26,20,20,Kevin Magnussen MAG,Haas Ferrari,57,+1 lap,0
